run,seed,environment,current_speed_mps,current_angle_deg,wave_wind_speed_mps,wave_dir_deg,steepness,mode,max_abs_cross_track_m,final_abs_cross_track_m,final_along_track_m,arrived,duration_s,note
1,41514462,lake,0.182,17.5,1.504,218.39,0.294,no_pid,0.9378,0.7908,19.0479,True,17.88,
1,41514462,lake,0.182,17.5,1.504,218.39,0.294,pid_xte,0.0891,0.0718,19.0109,True,15.99,
1,41514462,lake,0.182,17.5,1.504,218.39,0.294,pid_no_xte,0.1824,0.0898,19.0661,True,17.84,
2,204726960,lake,0.089,136.6,1.418,209.39,0.158,no_pid,0.6004,0.3956,19.0263,True,19.30,
2,204726960,lake,0.089,136.6,1.418,209.39,0.158,pid_xte,0.0632,0.0480,19.0235,True,17.50,
2,204726960,lake,0.089,136.6,1.418,209.39,0.158,pid_no_xte,0.1210,0.0301,19.0175,True,19.19,
3,1085435558,lake,0.292,297.8,1.097,309.94,0.160,no_pid,0.5455,0.3592,19.0083,True,18.35,
3,1085435558,lake,0.292,297.8,1.097,309.94,0.160,pid_xte,0.0627,0.0477,19.0128,True,18.81,
3,1085435558,lake,0.292,297.8,1.097,309.94,0.160,pid_no_xte,0.1982,0.1028,19.0255,True,19.98,
4,622170934,lake,0.281,187.0,0.963,125.90,0.274,no_pid,0.5633,0.3681,19.0251,True,18.45,
4,622170934,lake,0.281,187.0,0.963,125.90,0.274,pid_xte,0.0616,0.0502,19.0086,True,19.72,
4,622170934,lake,0.281,187.0,0.963,125.90,0.274,pid_no_xte,0.1104,0.0097,19.0340,True,19.71,
5,64429031,lake,0.079,266.4,1.571,69.12,0.246,no_pid,0.7568,0.7227,19.0293,True,16.39,
5,64429031,lake,0.079,266.4,1.571,69.12,0.246,pid_xte,0.0678,0.0240,19.0001,True,17.62,
5,64429031,lake,0.079,266.4,1.571,69.12,0.246,pid_no_xte,0.1391,0.0940,19.0374,True,15.99,
6,89403856,lake,0.069,76.1,1.115,35.51,0.220,no_pid,0.5720,0.3751,19.0514,True,19.85,
6,89403856,lake,0.069,76.1,1.115,35.51,0.220,pid_xte,0.0637,0.0458,19.0522,True,20.14,
6,89403856,lake,0.069,76.1,1.115,35.51,0.220,pid_no_xte,0.1942,0.0932,19.0464,True,18.15,
7,1802692687,lake,0.122,153.9,1.575,275.64,0.129,no_pid,1.0295,0.9491,19.0222,True,17.32,
7,1802692687,lake,0.122,153.9,1.575,275.64,0.129,pid_xte,0.1589,0.0761,19.0856,True,16.04,
7,1802692687,lake,0.122,153.9,1.575,275.64,0.129,pid_no_xte,0.4719,0.4719,19.0311,True,17.10,
8,1619142063,lake,0.215,117.7,0.956,339.33,0.267,no_pid,0.5521,0.3574,19.0291,True,19.83,
8,1619142063,lake,0.215,117.7,0.956,339.33,0.267,pid_xte,0.0621,0.0491,19.0244,True,18.35,
8,1619142063,lake,0.215,117.7,0.956,339.33,0.267,pid_no_xte,0.1123,0.0115,19.0479,True,19.69,
9,752007507,lake,0.074,309.6,1.044,357.62,0.135,no_pid,0.5364,0.3388,19.0255,True,19.98,
9,752007507,lake,0.074,309.6,1.044,357.62,0.135,pid_xte,0.0622,0.0464,19.0509,True,18.20,
9,752007507,lake,0.074,309.6,1.044,357.62,0.135,pid_no_xte,0.1951,0.0938,19.0004,True,19.79,
10,358927040,lake,0.101,274.5,1.515,278.15,0.299,no_pid,1.1678,1.1678,19.0013,True,17.83,
10,358927040,lake,0.101,274.5,1.515,278.15,0.299,pid_xte,0.1486,0.0040,19.0239,True,15.83,
10,358927040,lake,0.101,274.5,1.515,278.15,0.299,pid_no_xte,0.4183,0.4003,19.0203,True,18.48,
11,189291425,lake,0.107,291.9,1.402,144.36,0.201,no_pid,1.3145,1.3145,19.0419,True,17.19,
11,189291425,lake,0.107,291.9,1.402,144.36,0.201,pid_xte,0.0690,0.0122,19.0240,True,16.44,
11,189291425,lake,0.107,291.9,1.402,144.36,0.201,pid_no_xte,0.1676,0.1178,19.0157,True,16.59,
12,231731600,lake,0.271,264.8,1.591,315.67,0.161,no_pid,1.6473,1.6473,19.0213,True,16.25,
12,231731600,lake,0.271,264.8,1.591,315.67,0.161,pid_xte,0.1681,0.0365,19.0386,True,15.64,
12,231731600,lake,0.271,264.8,1.591,315.67,0.161,pid_no_xte,0.3986,0.3445,19.0027,True,17.33,
13,1882698164,lake,0.100,115.6,1.034,19.12,0.213,no_pid,0.5490,0.3506,19.0575,True,18.50,
13,1882698164,lake,0.100,115.6,1.034,19.12,0.213,pid_xte,0.0645,0.0454,19.0239,True,19.78,
13,1882698164,lake,0.100,115.6,1.034,19.12,0.213,pid_no_xte,0.1915,0.0910,19.0332,True,19.72,
14,1215967328,lake,0.187,210.0,1.102,193.18,0.284,no_pid,0.5600,0.3735,19.0176,True,18.40,
14,1215967328,lake,0.187,210.0,1.102,193.18,0.284,pid_xte,0.0630,0.0476,19.0263,True,19.75,
14,1215967328,lake,0.187,210.0,1.102,193.18,0.284,pid_no_xte,0.1130,0.0192,19.0300,True,19.87,
15,1658581829,lake,0.132,207.8,1.890,159.56,0.283,no_pid,0.7343,0.3202,19.0613,True,16.29,
15,1658581829,lake,0.132,207.8,1.890,159.56,0.283,pid_xte,0.1930,0.0223,19.0486,True,17.52,
15,1658581829,lake,0.132,207.8,1.890,159.56,0.283,pid_no_xte,0.3066,0.2648,19.0286,True,16.04,
16,1182621022,lake,0.211,22.6,1.190,116.28,0.273,no_pid,0.6825,0.5237,19.0032,True,19.77,
16,1182621022,lake,0.211,22.6,1.190,116.28,0.273,pid_xte,0.0674,0.0397,19.0390,True,19.55,
16,1182621022,lake,0.211,22.6,1.190,116.28,0.273,pid_no_xte,0.1360,0.0450,19.0516,True,17.99,
17,761612046,lake,0.081,323.9,1.635,19.10,0.141,no_pid,0.5925,0.4682,19.0000,True,18.90,
17,761612046,lake,0.081,323.9,1.635,19.10,0.141,pid_xte,0.1103,0.0253,19.0037,True,16.34,
17,761612046,lake,0.081,323.9,1.635,19.10,0.141,pid_no_xte,0.2393,0.1894,19.0431,True,16.90,
18,1042164618,lake,0.179,242.0,1.099,158.39,0.121,no_pid,0.5721,0.3924,19.0050,True,20.22,
18,1042164618,lake,0.179,242.0,1.099,158.39,0.121,pid_xte,0.0622,0.0483,19.0558,True,18.30,
18,1042164618,lake,0.179,242.0,1.099,158.39,0.121,pid_no_xte,0.1181,0.0205,19.0319,True,19.81,
19,477911236,lake,0.300,268.9,1.616,80.54,0.132,no_pid,1.2249,1.2249,19.0454,True,17.59,
19,477911236,lake,0.300,268.9,1.616,80.54,0.132,pid_xte,0.0513,0.0424,19.0544,True,15.44,
19,477911236,lake,0.300,268.9,1.616,80.54,0.132,pid_no_xte,0.0532,0.0081,19.0598,True,17.28,
20,253760761,lake,0.192,341.8,0.901,343.67,0.158,no_pid,0.5528,0.3560,19.0233,True,18.40,
20,253760761,lake,0.192,341.8,0.901,343.67,0.158,pid_xte,0.0609,0.0484,19.0263,True,19.68,
20,253760761,lake,0.192,341.8,0.901,343.67,0.158,pid_no_xte,0.1148,0.0154,19.0097,True,19.68,
21,3314264,lake,0.168,169.2,0.996,206.13,0.283,no_pid,0.5352,0.3427,19.0094,True,18.81,
21,3314264,lake,0.168,169.2,0.996,206.13,0.283,pid_xte,0.0639,0.0483,19.0485,True,20.34,
21,3314264,lake,0.168,169.2,0.996,206.13,0.283,pid_no_xte,0.1130,0.0152,19.0586,True,19.94,
22,92888908,lake,0.205,183.6,1.510,169.52,0.123,no_pid,0.8308,0.7990,19.0401,True,16.64,
22,92888908,lake,0.205,183.6,1.510,169.52,0.123,pid_xte,0.0734,0.0730,19.0397,True,17.47,
22,92888908,lake,0.205,183.6,1.510,169.52,0.123,pid_no_xte,0.1301,0.0230,19.0598,True,16.19,
23,2005833151,lake,0.063,18.3,1.337,17.24,0.174,no_pid,0.6051,0.4300,19.0319,True,19.78,
23,2005833151,lake,0.063,18.3,1.337,17.24,0.174,pid_xte,0.0656,0.0411,19.0035,True,19.53,
23,2005833151,lake,0.063,18.3,1.337,17.24,0.174,pid_no_xte,0.1994,0.1097,19.0550,True,18.15,
24,1234349972,lake,0.148,204.1,1.267,284.81,0.269,no_pid,0.5637,0.4042,19.0160,True,20.04,
24,1234349972,lake,0.148,204.1,1.267,284.81,0.269,pid_xte,0.0772,0.0418,19.0269,True,19.34,
24,1234349972,lake,0.148,204.1,1.267,284.81,0.269,pid_no_xte,0.2149,0.1346,19.0117,True,18.00,
25,206733967,lake,0.288,70.0,1.225,238.83,0.115,no_pid,0.5208,0.3517,19.0287,True,19.84,
25,206733967,lake,0.288,70.0,1.225,238.83,0.115,pid_xte,0.0601,0.0434,19.0200,True,19.54,
25,206733967,lake,0.288,70.0,1.225,238.83,0.115,pid_no_xte,0.1111,0.0261,19.0176,True,17.99,
26,1556352806,lake,0.299,294.2,0.872,206.04,0.218,no_pid,0.5637,0.3740,19.0081,True,19.95,
26,1556352806,lake,0.299,294.2,0.872,206.04,0.218,pid_xte,0.0608,0.0488,19.0265,True,18.30,
26,1556352806,lake,0.299,294.2,0.872,206.04,0.218,pid_no_xte,0.1128,0.0100,19.0541,True,18.40,
27,111643761,lake,0.063,175.2,1.274,127.26,0.102,no_pid,0.8916,0.8158,19.0323,True,19.44,
27,111643761,lake,0.063,175.2,1.274,127.26,0.102,pid_xte,0.0704,0.0004,19.0335,True,17.65,
27,111643761,lake,0.063,175.2,1.274,127.26,0.102,pid_no_xte,0.1904,0.1198,19.0107,True,19.14,
28,524539321,lake,0.158,297.5,1.240,254.71,0.124,no_pid,0.5263,0.3607,19.0265,True,19.80,
28,524539321,lake,0.158,297.5,1.240,254.71,0.124,pid_xte,0.0613,0.0454,19.0284,True,18.26,
28,524539321,lake,0.158,297.5,1.240,254.71,0.124,pid_no_xte,0.1177,0.0318,19.0528,True,20.26,
29,1227188909,lake,0.258,30.3,0.841,30.92,0.300,no_pid,0.5529,0.3551,19.0520,True,21.00,
29,1227188909,lake,0.258,30.3,0.841,30.92,0.300,pid_xte,0.0616,0.0493,19.0409,True,19.37,
29,1227188909,lake,0.258,30.3,0.841,30.92,0.300,pid_no_xte,0.1124,0.0125,19.0181,True,21.20,
30,202853100,lake,0.111,302.9,1.908,194.19,0.137,no_pid,1.2919,1.2053,19.0299,True,18.70,
30,202853100,lake,0.111,302.9,1.908,194.19,0.137,pid_xte,0.1075,0.0157,19.0643,True,16.90,
30,202853100,lake,0.111,302.9,1.908,194.19,0.137,pid_no_xte,0.2115,0.1558,19.0584,True,24.23,
31,1013126371,lake,0.066,318.0,0.960,146.18,0.212,no_pid,0.7236,0.5434,19.0184,True,23.75,
31,1013126371,lake,0.066,318.0,0.960,146.18,0.212,pid_xte,0.0623,0.0485,19.0148,True,19.78,
31,1013126371,lake,0.066,318.0,0.960,146.18,0.212,pid_no_xte,0.1156,0.0202,19.0048,True,21.06,
32,1703981248,lake,0.179,211.8,1.527,229.79,0.286,no_pid,0.8190,0.8139,19.0627,True,19.02,
32,1703981248,lake,0.179,211.8,1.527,229.79,0.286,pid_xte,0.0831,0.0632,19.0258,True,17.37,
32,1703981248,lake,0.179,211.8,1.527,229.79,0.286,pid_no_xte,0.1799,0.0934,19.0060,True,18.45,
33,1611299223,lake,0.230,341.1,1.289,90.19,0.281,no_pid,0.8336,0.7098,19.0095,True,20.84,
33,1611299223,lake,0.230,341.1,1.289,90.19,0.281,pid_xte,0.0725,0.0082,19.0253,True,19.28,
33,1611299223,lake,0.230,341.1,1.289,90.19,0.281,pid_no_xte,0.1641,0.0924,19.0367,True,20.58,
34,1463016385,lake,0.287,273.0,1.406,191.85,0.118,no_pid,0.7422,0.5566,19.0213,True,20.35,
34,1463016385,lake,0.287,273.0,1.406,191.85,0.118,pid_xte,0.0662,0.0300,19.0122,True,18.57,
34,1463016385,lake,0.287,273.0,1.406,191.85,0.118,pid_no_xte,0.1575,0.0796,19.0285,True,20.17,
35,331271717,lake,0.112,154.8,1.844,185.59,0.179,no_pid,1.3851,1.2788,19.0397,True,18.14,
35,331271717,lake,0.112,154.8,1.844,185.59,0.179,pid_xte,0.1047,0.0002,19.0210,True,17.07,
35,331271717,lake,0.112,154.8,1.844,185.59,0.179,pid_no_xte,0.2168,0.1517,19.0797,True,18.39,
36,201049373,lake,0.187,49.8,1.371,333.19,0.196,no_pid,0.6582,0.5179,19.0071,True,19.37,
36,201049373,lake,0.187,49.8,1.371,333.19,0.196,pid_xte,0.0704,0.0426,19.0040,True,19.99,
36,201049373,lake,0.187,49.8,1.371,333.19,0.196,pid_no_xte,0.2182,0.1261,19.0136,True,20.11,
37,118935870,lake,0.115,260.9,1.950,137.31,0.203,no_pid,0.8948,0.0889,19.0458,True,16.60,
37,118935870,lake,0.115,260.9,1.950,137.31,0.203,pid_xte,0.2703,0.1582,19.0017,True,18.24,
37,118935870,lake,0.115,260.9,1.950,137.31,0.203,pid_no_xte,0.5055,0.4682,19.0580,True,16.55,
38,503888424,lake,0.271,66.1,1.708,166.49,0.225,no_pid,0.7204,0.3065,19.0607,True,18.91,
38,503888424,lake,0.271,66.1,1.708,166.49,0.225,pid_xte,0.0881,0.0524,19.0181,True,16.65,
38,503888424,lake,0.271,66.1,1.708,166.49,0.225,pid_no_xte,0.2511,0.1276,19.0604,True,18.10,
39,1068106072,lake,0.287,169.3,1.522,145.21,0.135,no_pid,0.6020,0.1567,19.0050,True,16.75,
39,1068106072,lake,0.287,169.3,1.522,145.21,0.135,pid_xte,0.0837,0.0835,19.0006,True,18.03,
39,1068106072,lake,0.287,169.3,1.522,145.21,0.135,pid_no_xte,0.1728,0.0399,19.0775,True,17.84,
40,2005835353,lake,0.081,39.4,1.317,64.61,0.243,no_pid,0.7310,0.5692,19.0045,True,18.30,
40,2005835353,lake,0.081,39.4,1.317,64.61,0.243,pid_xte,0.0669,0.0205,19.0332,True,19.79,
40,2005835353,lake,0.081,39.4,1.317,64.61,0.243,pid_no_xte,0.2259,0.1433,19.0235,True,20.28,
41,1400016212,lake,0.104,3.3,1.897,129.92,0.170,no_pid,0.8587,0.0678,19.0075,True,16.40,
41,1400016212,lake,0.104,3.3,1.897,129.92,0.170,pid_xte,0.2535,0.1252,19.0729,True,18.90,
41,1400016212,lake,0.104,3.3,1.897,129.92,0.170,pid_no_xte,0.4589,0.4025,19.0991,True,16.86,
42,169538832,lake,0.261,261.5,1.404,196.40,0.128,no_pid,0.6817,0.4647,19.0359,True,20.24,
42,169538832,lake,0.261,261.5,1.404,196.40,0.128,pid_xte,0.0643,0.0362,19.0326,True,20.04,
42,169538832,lake,0.261,261.5,1.404,196.40,0.128,pid_no_xte,0.1484,0.0640,19.0057,True,18.62,
43,802985032,lake,0.290,325.0,1.601,196.76,0.185,no_pid,0.5532,0.3355,19.0032,True,18.63,
43,802985032,lake,0.290,325.0,1.601,196.76,0.185,pid_xte,0.0903,0.0903,19.0650,True,17.20,
43,802985032,lake,0.290,325.0,1.601,196.76,0.185,pid_no_xte,0.1132,0.0322,19.0412,True,17.06,
44,312278920,lake,0.296,115.4,0.813,59.08,0.232,no_pid,0.5571,0.3609,19.0494,True,21.05,
44,312278920,lake,0.296,115.4,0.813,59.08,0.232,pid_xte,0.0601,0.0497,19.0380,True,18.92,
44,312278920,lake,0.296,115.4,0.813,59.08,0.232,pid_no_xte,0.1193,0.0201,19.0272,True,20.40,
45,1210299296,lake,0.240,246.5,1.245,269.41,0.166,no_pid,0.5862,0.4185,19.0457,True,21.25,
45,1210299296,lake,0.240,246.5,1.245,269.41,0.166,pid_xte,0.0620,0.0469,19.0090,True,19.22,
45,1210299296,lake,0.240,246.5,1.245,269.41,0.166,pid_no_xte,0.1153,0.0278,19.0143,True,19.22,
46,2066342518,lake,0.072,317.7,1.553,271.03,0.260,no_pid,1.0584,0.9834,19.0539,True,18.58,
46,2066342518,lake,0.072,317.7,1.553,271.03,0.260,pid_xte,0.1448,0.0543,19.0427,True,17.37,
46,2066342518,lake,0.072,317.7,1.553,271.03,0.260,pid_no_xte,0.4706,0.4706,19.0278,True,19.39,
47,1949463505,lake,0.261,92.7,1.965,279.14,0.288,no_pid,1.9948,1.9948,19.0427,True,12.53,
47,1949463505,lake,0.261,92.7,1.965,279.14,0.288,pid_xte,0.2120,0.0303,19.0414,True,13.18,
47,1949463505,lake,0.261,92.7,1.965,279.14,0.288,pid_no_xte,1.0197,1.0105,19.0336,True,12.57,
48,984454923,lake,0.178,256.5,1.372,82.98,0.181,no_pid,0.9796,0.9355,19.0051,True,17.96,
48,984454923,lake,0.178,256.5,1.372,82.98,0.181,pid_xte,0.0857,0.0168,19.0657,True,19.54,
48,984454923,lake,0.178,256.5,1.372,82.98,0.181,pid_no_xte,0.3025,0.2451,19.0325,True,18.21,
49,898898428,lake,0.198,140.5,0.978,147.42,0.202,no_pid,0.5563,0.3659,19.0207,True,20.20,
49,898898428,lake,0.198,140.5,0.978,147.42,0.202,pid_xte,0.0619,0.0505,19.0553,True,20.22,
49,898898428,lake,0.198,140.5,0.978,147.42,0.202,pid_no_xte,0.1116,0.0117,19.0412,True,19.01,
50,290824743,lake,0.185,123.5,1.197,0.27,0.169,no_pid,0.5723,0.3838,19.0223,True,20.35,
50,290824743,lake,0.185,123.5,1.197,0.27,0.169,pid_xte,0.0643,0.0457,19.0048,True,20.01,
50,290824743,lake,0.185,123.5,1.197,0.27,0.169,pid_no_xte,0.2000,0.1026,19.0368,True,18.25,
